{"playerData":{"playerStats":[100.0,1721.0,48.0],"playerPositionAndRotation":[53.6026496887207,1.9299997091293336,60.195152282714847,-0.051069729030132297,-0.2146586924791336,0.011240329593420029],"inventoryContent":["Stone"],"quickSlotsContent":["Axe"]},"enviromentData":{"pickedupItems":["Apple0002","Apple0003","Apple0003 (1)","Stick0001","Log 10003","Log 10002","Log 10001","Stick0003","Stick0002","Stone0003 (1)","Stone0003","Stone0001 (3)","Stone0003 (3)","Log","Log"]}}